city_id,observed_date,temperature_2m_max,temperature_2m_min,temperature_2m_mean,precipitation_sum,windspeed_10m_max
alg,2026-04-16,20.2,10.6,15.0,0.0,9.8
alg,2026-04-17,21.3,11.0,15.7,0.0,11.1
alg,2026-04-18,21.0,11.2,16.2,0.0,13.8
alg,2026-04-19,21.6,11.6,16.6,0.0,12.1
alg,2026-04-20,23.8,12.6,17.7,0.0,9.4
alg,2026-04-21,24.6,13.3,18.4,0.0,8.3
alg,2026-04-22,25.3,15.4,19.6,0.0,8.0
alg,2026-04-23,22.3,15.3,18.1,0.0,14.8
alg,2026-04-24,22.2,15.1,18.0,1.2,10.0
alg,2026-04-25,21.4,15.2,17.5,1.0,9.8
alg,2026-04-26,21.7,15.3,17.4,3.1,10.3
alg,2026-04-27,20.7,15.3,17.4,1.4,16.2
alg,2026-04-28,23.3,15.4,17.9,4.5,10.6
alg,2026-04-29,22.1,16.4,19.2,0.1,12.2
alg,2026-04-30,21.4,15.6,18.3,0.0,10.4
alg,2026-05-01,21.3,16.4,18.2,2.9,11.4
alg,2026-05-02,22.3,15.5,18.7,0.0,11.2
alg,2026-05-03,25.1,18.7,20.7,3.9,11.6
alg,2026-05-04,21.9,16.6,18.7,16.3,12.7
alg,2026-05-05,20.3,15.7,17.7,7.9,13.7
alg,2026-05-06,21.4,14.6,17.6,4.2,11.0
alg,2026-05-07,20.3,15.5,17.3,4.7,9.8
alg,2026-05-08,20.8,12.4,17.1,0.0,11.0
alg,2026-05-09,29.9,16.0,19.4,0.1,37.1
alg,2026-05-10,24.4,12.6,18.7,0.0,9.1
alg,2026-05-11,23.2,14.9,18.8,0.0,13.1
alg,2026-05-12,23.9,14.1,19.2,0.4,19.4
alg,2026-05-13,23.2,15.6,19.4,0.1,15.7
alg,2026-05-14,24.5,13.1,18.9,0.0,7.4
alg,2026-05-15,23.6,14.9,18.8,1.3,23.0
alg,2026-05-16,20.4,12.0,16.6,0.2,13.4
alg,2026-05-17,21.4,12.8,17.4,0.0,13.4
alg,2026-05-18,24.1,12.0,18.7,0.0,9.0
alg,2026-05-19,27.7,14.1,21.0,0.0,11.1
alg,2026-05-20,25.9,16.3,20.9,0.0,16.0
alg,2026-05-21,27.1,16.8,21.4,0.0,17.8
alg,2026-05-22,26.5,16.8,21.2,0.0,17.1
alg,2026-05-23,25.2,16.5,21.0,0.0,16.8
alg,2026-05-24,24.6,16.1,20.6,0.0,16.0
alg,2026-05-25,24.9,17.2,20.9,0.0,14.0
alg,2026-05-26,25.3,16.7,21.1,0.0,14.1
alg,2026-05-27,25.5,16.9,21.2,0.0,14.0
alg,2026-05-28,25.8,16.1,21.2,0.0,13.1
alg,2026-05-29,26.6,17.3,22.2,0.0,13.1
alg,2026-05-30,29.7,17.3,23.5,0.0,11.3
alg,2026-05-31,28.4,19.7,23.9,0.0,12.0
alg,2026-06-01,31.6,18.7,24.8,0.0,11.8
alg,2026-06-02,33.0,20.5,27.0,0.0,12.5
alg,2026-06-03,27.0,21.2,24.0,0.0,17.1
alg,2026-06-04,28.1,18.7,24.0,0.0,9.8
alg,2026-06-05,29.5,20.9,24.2,0.0,15.2
alg,2026-06-06,25.8,20.6,23.0,0.0,15.8
alg,2026-06-07,26.6,20.7,23.4,0.4,19.6
alg,2026-06-08,31.4,20.5,25.1,0.0,10.2
alg,2026-06-09,28.1,21.3,24.2,0.2,11.2
alg,2026-06-10,26.0,21.8,23.6,0.0,19.8
alg,2026-06-11,24.9,20.7,22.6,0.0,25.5
alg,2026-06-12,24.3,19.5,21.7,0.0,24.0
alg,2026-06-13,25.4,19.4,21.9,0.0,14.0
alg,2026-06-14,28.9,18.0,23.7,0.4,17.5
alg,2026-06-15,28.7,20.5,24.3,0.1,14.6
alg,2026-06-16,27.8,20.1,23.9,0.0,16.2
alg,2026-06-17,29.3,21.3,24.3,0.0,17.2
alg,2026-06-18,34.1,21.9,28.4,0.0,13.3
alg,2026-06-19,38.0,25.1,30.0,0.0,12.7
alg,2026-06-20,38.1,25.6,30.3,0.0,14.0
alg,2026-06-21,34.7,24.0,28.2,0.0,16.1
alg,2026-06-22,32.7,22.3,27.4,0.0,15.5
alg,2026-06-23,30.7,22.3,26.3,0.0,16.8
alg,2026-06-24,30.4,20.9,25.1,0.0,13.1
alg,2026-06-25,32.7,21.1,26.2,0.0,10.0
alg,2026-06-26,29.5,22.2,25.4,0.0,13.1
alg,2026-06-27,31.4,22.0,26.6,0.0,10.7
alg,2026-06-28,30.5,22.9,26.8,0.0,12.1
alg,2026-06-29,30.4,24.1,27.0,0.0,14.2
alg,2026-06-30,30.1,23.7,26.5,0.0,17.2
alg,2026-07-01,30.5,23.0,26.7,0.0,17.4
alg,2026-07-02,29.0,24.0,26.4,0.0,23.3
alg,2026-07-03,29.1,21.3,25.7,0.1,14.9
alg,2026-07-04,29.0,21.1,25.5,0.0,12.5
alg,2026-07-05,30.0,21.1,25.9,0.0,15.4
alg,2026-07-06,30.7,19.7,25.5,0.0,13.8
alg,2026-07-07,32.5,20.7,27.0,0.0,13.8
alg,2026-07-08,37.4,21.9,30.0,0.0,11.7
alg,2026-07-09,37.6,22.7,29.8,0.0,11.5
alg,2026-07-10,33.3,22.7,28.5,0.0,13.9
alg,2026-07-11,34.5,24.4,28.7,0.1,10.9
alg,2026-07-12,36.0,25.3,29.9,0.0,12.2
alg,2026-07-13,32.4,24.1,27.7,0.0,19.2
alg,2026-07-14,33.7,22.8,28.1,0.0,11.9
alg,2026-07-15,35.6,24.8,29.9,0.0,13.0
alg,2026-07-16,44.1,27.1,33.2,0.0,15.3
alg,2026-07-17,37.4,26.8,32.2,0.0,15.7
alg,2026-07-18,43.7,27.7,34.9,0.0,10.3
alg,2026-07-19,37.3,29.9,33.5,0.0,15.7
alg,2026-07-20,41.2,26.5,32.8,0.0,10.6
alg,2026-07-21,38.5,28.2,32.7,0.0,12.4
alg,2026-07-22,41.1,26.9,31.9,0.0,12.1
alg,2026-07-23,36.8,24.7,30.4,0.0,11.0
alg,2026-07-24,36.6,25.6,30.7,0.0,12.9
alg,2026-07-25,36.2,27.8,30.8,0.0,20.5
alg,2026-07-26,33.2,25.0,28.8,0.0,16.6
alg,2026-07-27,30.2,23.7,27.2,0.9,20.6
alg,2026-07-28,30.5,23.3,27.0,0.0,19.5
alg,2026-07-29,30.6,23.6,27.1,0.0,17.9
alg,2026-07-30,31.3,22.7,27.0,0.0,13.7
alg,2026-07-31,34.0,22.0,27.9,0.0,12.2
alg,2026-08-01,33.0,24.3,28.3,0.0,10.6
alg,2026-08-02,39.1,23.3,30.9,0.0,14.5
alg,2026-08-03,37.8,25.6,31.3,0.0,11.5
alg,2026-08-04,37.2,26.7,30.5,0.0,16.9
alg,2026-08-05,33.9,24.9,28.9,0.0,11.4
alg,2026-08-06,32.7,23.6,28.2,0.0,14.3
alg,2026-08-07,32.7,24.1,28.4,0.0,16.3
alg,2026-08-08,34.5,23.7,29.7,0.0,17.7
alg,2026-08-09,37.8,27.4,32.2,0.0,12.1
alg,2026-08-10,38.4,26.5,31.7,0.0,11.8
alg,2026-08-11,34.6,26.5,30.5,0.0,11.5
alg,2026-08-12,36.7,26.3,30.5,0.0,11.4
alg,2026-08-13,33.4,26.1,29.1,0.0,13.0
alg,2026-08-16,34.2,25.6,29.3,0.0,15.3
alg,2026-08-17,36.3,25.7,30.0,0.0,15.4
alg,2026-08-18,33.9,25.4,29.3,0.0,15.0
alg,2026-09-03,31.8,25.8,28.3,0.0,13.9
alg,2026-09-04,31.5,24.3,27.7,0.0,14.1
alg,2026-09-05,31.5,23.3,26.8,0.0,19.1
ath,2026-04-16,20.9,14.0,17.3,0.1,16.9
ath,2026-04-17,21.9,15.5,17.8,0.2,19.9
ath,2026-04-18,21.9,12.8,17.4,0.0,14.1
ath,2026-04-19,21.6,12.4,16.9,0.4,8.1
ath,2026-04-20,22.1,12.7,17.2,0.0,16.2
ath,2026-04-21,23.7,13.5,18.5,0.0,13.8
ath,2026-04-22,23.9,12.9,17.3,1.1,15.8
ath,2026-04-23,14.4,9.6,12.7,3.4,10.7
ath,2026-04-24,19.5,9.0,14.4,0.0,6.0
ath,2026-04-25,21.6,11.2,16.6,0.0,12.7
ath,2026-04-26,25.4,13.6,19.6,0.0,12.8
ath,2026-04-27,26.1,14.8,20.1,0.0,11.5
ath,2026-04-28,24.2,14.0,19.1,0.0,8.5
ath,2026-04-29,24.3,13.8,19.4,0.0,12.1
ath,2026-04-30,25.0,14.7,19.9,0.0,13.1
ath,2026-05-01,15.3,10.6,12.8,1.0,16.3
ath,2026-05-02,14.7,9.6,11.7,0.0,22.0
ath,2026-05-03,13.5,7.1,10.7,0.1,17.0
ath,2026-05-04,19.5,7.9,14.2,0.0,12.7
ath,2026-05-05,24.8,10.4,18.4,0.1,10.7
ath,2026-05-06,24.3,13.9,19.4,0.0,11.4
ath,2026-05-07,23.9,15.1,19.7,0.0,10.6
ath,2026-05-08,21.5,17.7,19.2,2.1,14.2
ath,2026-05-09,24.4,17.3,20.4,0.0,13.3
ath,2026-05-10,24.4,15.9,20.1,0.0,11.9
ath,2026-05-11,25.1,17.3,21.1,0.0,10.6
ath,2026-05-12,28.7,16.8,22.9,0.0,16.1
ath,2026-05-13,27.0,17.8,22.2,0.0,11.4
ath,2026-05-14,25.0,17.6,20.7,0.3,18.3
ath,2026-05-15,24.5,16.3,20.4,0.1,16.4
ath,2026-05-16,25.0,17.2,20.0,4.2,13.3
ath,2026-05-17,24.2,16.5,20.3,0.0,16.1
ath,2026-05-18,25.2,15.2,20.6,0.0,15.1
ath,2026-05-19,23.1,16.1,19.1,1.9,13.4
ath,2026-05-20,24.8,15.8,20.4,0.2,15.2
ath,2026-05-21,26.7,16.1,21.0,2.6,7.4
ath,2026-05-22,24.5,16.1,19.7,6.6,8.9
ath,2026-05-23,23.2,16.4,19.6,3.3,9.3
ath,2026-05-24,24.7,16.1,20.7,1.8,9.5
ath,2026-05-25,26.3,16.8,21.8,0.3,13.0
ath,2026-05-26,28.2,17.5,23.9,0.1,17.8
ath,2026-05-27,30.3,19.9,24.9,0.0,13.9
ath,2026-05-28,28.3,18.8,23.8,0.0,13.8
ath,2026-05-29,27.4,19.6,23.8,1.0,14.4
ath,2026-05-30,26.0,17.8,22.3,0.0,14.6
ath,2026-05-31,28.5,18.5,23.8,0.8,13.7
ath,2026-06-01,29.4,20.8,24.7,0.0,13.2
ath,2026-06-02,29.8,20.4,24.5,0.0,12.1
ath,2026-06-03,29.2,20.5,24.9,0.0,14.8
ath,2026-06-04,29.1,21.9,25.3,0.0,13.8
ath,2026-06-05,27.3,20.3,23.1,4.3,10.1
ath,2026-06-06,28.9,18.3,23.9,0.0,11.9
ath,2026-06-07,32.8,20.8,26.8,0.0,11.7
ath,2026-06-08,32.9,23.1,28.4,0.0,10.2
ath,2026-06-09,30.1,22.7,26.7,1.7,8.9
ath,2026-06-10,32.7,21.5,27.7,0.0,8.7
ath,2026-06-11,32.2,22.1,27.4,0.0,14.4
ath,2026-06-12,30.5,20.4,25.3,1.5,10.2
ath,2026-06-13,26.2,19.4,22.7,0.4,12.4
ath,2026-06-14,29.4,18.2,24.0,0.0,12.1
ath,2026-06-15,30.0,19.7,25.3,0.0,12.8
ath,2026-06-16,30.5,22.2,26.6,0.0,11.1
ath,2026-06-17,32.0,21.8,26.8,1.0,12.6
ath,2026-06-18,29.1,21.3,25.6,0.8,13.0
ath,2026-06-19,29.3,23.0,25.8,0.0,15.8
ath,2026-06-20,29.2,21.0,25.5,0.0,16.7
ath,2026-06-21,31.0,22.1,27.0,0.0,17.1
ath,2026-06-22,32.4,24.2,28.1,0.0,17.2
ath,2026-06-23,33.8,22.9,28.9,0.0,11.4
ath,2026-06-24,32.0,24.7,27.9,4.3,15.1
ath,2026-06-25,33.3,22.9,28.6,0.0,12.7
ath,2026-06-26,33.9,25.6,29.8,0.0,17.2
ath,2026-06-27,34.0,27.0,30.0,0.0,20.7
ath,2026-06-28,31.7,24.0,27.6,0.0,14.1
ath,2026-06-29,35.3,21.8,28.9,0.0,10.0
ath,2026-06-30,36.2,25.7,30.6,0.0,12.8
ath,2026-07-01,33.8,25.2,29.7,0.1,17.2
ath,2026-07-02,32.6,24.7,28.8,2.8,13.0
ath,2026-07-03,34.6,25.0,29.8,0.5,12.2
ath,2026-07-04,33.1,25.1,28.6,4.3,10.4
ath,2026-07-05,30.9,23.1,27.4,0.0,17.2
ath,2026-07-06,32.4,21.9,27.6,0.0,9.6
ath,2026-07-07,33.3,23.3,28.4,0.0,13.2
ath,2026-07-08,33.3,24.0,28.2,2.2,11.8
ath,2026-07-09,30.7,23.2,26.6,4.8,7.1
ath,2026-07-10,29.2,22.0,25.7,2.0,9.2
ath,2026-07-11,33.1,21.5,27.3,0.0,9.9
ath,2026-07-12,34.6,22.7,28.7,0.0,13.1
ath,2026-07-13,34.9,24.5,29.3,1.2,8.7
ath,2026-07-14,34.0,24.0,28.8,0.0,18.0
ath,2026-07-15,34.0,24.1,29.8,0.0,11.4
ath,2026-07-16,36.5,26.4,31.6,0.0,10.0
ath,2026-07-17,35.0,26.4,30.8,0.3,12.8
ath,2026-07-18,36.2,26.3,31.6,0.0,9.0
ath,2026-07-19,36.4,27.5,31.9,0.0,8.9
ath,2026-07-20,37.2,27.3,31.9,0.8,13.1
ath,2026-07-21,36.9,28.3,32.0,0.0,14.1
ath,2026-07-22,34.8,26.9,31.1,0.0,11.1
ath,2026-07-23,34.4,24.5,28.3,0.6,13.4
ath,2026-07-24,29.5,18.7,24.0,21.1,13.7
ath,2026-07-25,26.2,18.3,22.3,1.2,12.6
ath,2026-07-26,31.0,19.3,25.5,0.0,13.4
ath,2026-07-27,33.9,23.4,28.5,0.0,11.2
ath,2026-07-28,36.9,25.4,31.0,0.0,10.9
ath,2026-07-29,34.2,25.8,30.0,0.0,16.3
ath,2026-07-30,31.9,25.1,27.8,0.0,17.6
ath,2026-07-31,31.9,23.5,27.6,0.0,16.2
ath,2026-08-01,31.3,22.5,26.7,0.0,14.8
ath,2026-08-02,31.7,22.1,27.1,0.0,13.6
ath,2026-08-03,34.8,23.6,29.4,0.0,13.0
ath,2026-08-04,35.4,24.6,30.3,0.0,13.6
ath,2026-08-05,35.3,26.3,30.8,0.0,17.3
ath,2026-08-06,35.7,26.5,30.9,0.0,13.2
ath,2026-08-07,35.7,25.8,30.5,0.6,10.8
ath,2026-08-08,36.5,26.4,31.6,0.2,15.4
ath,2026-08-09,34.7,28.1,31.1,0.1,16.7
ath,2026-08-10,34.1,25.9,29.6,0.0,15.6
ath,2026-08-11,35.4,26.1,30.6,0.0,15.8
ath,2026-08-12,34.9,25.4,30.1,0.0,19.2
ath,2026-08-13,33.6,25.2,29.0,0.0,18.4
ath,2026-08-16,30.2,21.9,25.6,0.0,14.0
ath,2026-08-17,33.0,20.6,26.6,0.0,13.6
ath,2026-08-18,31.8,22.7,27.4,0.0,11.3
ath,2026-09-03,34.5,25.8,30.0,0.4,11.4
ath,2026-09-04,30.8,23.9,27.3,1.6,16.5
ath,2026-09-05,33.3,23.0,28.3,0.0,13.5
bcn,2026-04-16,20.3,10.5,15.8,0.0,17.6
bcn,2026-04-17,20.6,10.7,16.0,0.0,10.2
bcn,2026-04-18,22.6,11.2,17.4,0.0,9.3
bcn,2026-04-19,22.6,12.0,17.7,0.0,14.5
bcn,2026-04-20,22.5,13.7,18.2,0.0,13.4
bcn,2026-04-21,21.4,12.6,17.4,0.0,11.1
bcn,2026-04-22,20.8,11.6,16.8,0.0,19.4
bcn,2026-04-23,19.7,14.5,16.7,0.0,23.5
bcn,2026-04-24,18.3,10.5,15.3,0.0,13.2
bcn,2026-04-25,19.9,10.5,16.0,0.0,12.2
bcn,2026-04-26,22.1,12.6,18.0,0.0,12.0
bcn,2026-04-27,22.0,15.0,18.5,0.0,12.2
bcn,2026-04-28,21.7,12.7,17.5,0.0,12.6
bcn,2026-04-29,21.2,16.2,18.2,0.0,18.5
bcn,2026-04-30,21.5,13.9,18.2,0.2,16.7
bcn,2026-05-01,21.7,16.5,18.3,0.2,24.0
bcn,2026-05-02,19.9,15.4,17.3,2.4,12.8
bcn,2026-05-03,19.1,14.2,16.9,2.0,14.0
bcn,2026-05-04,21.6,14.6,17.5,6.3,19.1
bcn,2026-05-05,20.1,11.4,16.0,1.0,14.0
bcn,2026-05-06,19.2,10.3,15.5,0.9,14.3
bcn,2026-05-07,18.6,10.8,15.5,0.9,14.1
bcn,2026-05-08,18.9,10.8,16.1,0.5,11.8
bcn,2026-05-09,19.4,14.2,16.3,15.8,19.3
bcn,2026-05-10,21.3,11.6,17.2,0.6,20.2
bcn,2026-05-11,23.4,14.5,19.0,0.0,22.8
bcn,2026-05-12,20.4,12.1,16.2,10.5,16.4
bcn,2026-05-13,19.0,13.6,16.1,1.8,16.2
bcn,2026-05-14,25.0,12.4,17.3,0.0,24.3
bcn,2026-05-15,17.8,10.5,14.2,2.4,18.9
bcn,2026-05-16,18.5,7.9,14.5,0.0,15.9
bcn,2026-05-17,20.1,12.4,16.9,1.4,13.2
bcn,2026-05-18,19.6,12.3,16.4,3.1,13.3
bcn,2026-05-19,21.8,13.3,18.4,0.4,15.9
bcn,2026-05-20,24.2,14.4,20.2,0.0,12.0
bcn,2026-05-21,25.1,14.8,21.1,0.0,12.2
bcn,2026-05-22,25.8,16.1,21.0,0.0,9.7
bcn,2026-05-23,25.3,17.0,21.0,0.0,11.7
bcn,2026-05-24,26.8,17.1,21.7,0.0,10.6
bcn,2026-05-25,26.3,16.6,22.0,0.0,11.5
bcn,2026-05-26,26.9,17.2,22.8,0.0,13.3
bcn,2026-05-27,29.9,17.4,24.3,0.0,15.0
bcn,2026-05-28,32.0,19.3,26.6,0.0,15.0
bcn,2026-05-29,29.9,21.6,25.0,0.0,14.5
bcn,2026-05-30,26.6,20.1,23.4,0.0,12.2
bcn,2026-05-31,26.7,19.9,23.4,0.0,13.4
bcn,2026-06-01,26.9,21.1,23.6,0.1,16.8
bcn,2026-06-02,26.8,20.1,23.5,0.0,19.2
bcn,2026-06-03,24.5,20.1,22.1,0.0,18.3
bcn,2026-06-04,24.8,16.3,21.7,19.3,20.1
bcn,2026-06-05,21.5,16.4,18.6,0.9,17.1
bcn,2026-06-06,24.0,17.4,20.9,0.0,16.0
bcn,2026-06-07,24.0,17.3,21.1,0.0,12.7
bcn,2026-06-08,25.9,16.0,22.0,0.0,15.2
bcn,2026-06-09,26.0,19.2,22.3,2.4,16.4
bcn,2026-06-10,21.9,19.3,20.4,2.9,15.4
bcn,2026-06-11,23.8,18.3,21.0,0.7,12.1
bcn,2026-06-12,27.7,16.4,23.2,0.0,14.6
bcn,2026-06-13,31.0,19.5,26.0,0.0,15.7
bcn,2026-06-14,29.4,20.6,25.7,0.0,12.6
bcn,2026-06-15,29.9,21.6,25.9,0.1,18.0
bcn,2026-06-16,29.4,21.1,25.5,0.0,12.6
bcn,2026-06-17,28.8,20.2,25.0,0.0,13.6
bcn,2026-06-18,27.3,20.0,23.7,0.0,13.5
bcn,2026-06-19,29.0,21.5,25.5,0.0,14.3
bcn,2026-06-20,30.8,22.5,27.0,0.0,12.1
bcn,2026-06-21,31.0,22.6,27.5,0.0,12.5
bcn,2026-06-22,33.7,22.7,28.8,0.0,16.2
bcn,2026-06-23,30.9,23.7,27.4,0.0,10.8
bcn,2026-06-24,31.2,22.9,27.2,0.0,13.5
bcn,2026-06-25,32.1,22.7,28.1,0.0,17.4
bcn,2026-06-26,31.8,23.1,27.9,0.0,15.6
bcn,2026-06-27,31.5,23.2,27.9,0.0,15.3
bcn,2026-06-28,31.5,23.5,28.5,0.3,14.2
bcn,2026-06-29,32.6,25.0,29.3,1.1,15.0
bcn,2026-06-30,32.5,25.0,28.5,0.4,17.9
bcn,2026-07-01,28.8,24.3,26.5,0.0,18.2
bcn,2026-07-02,30.3,22.8,27.1,0.0,18.2
bcn,2026-07-03,30.4,22.5,27.0,0.0,21.6
bcn,2026-07-04,31.6,23.2,28.0,0.0,20.2
bcn,2026-07-05,32.9,23.0,28.9,0.0,21.3
bcn,2026-07-06,32.4,24.5,28.6,0.0,19.4
bcn,2026-07-07,31.9,22.9,28.0,0.0,13.8
bcn,2026-07-08,36.3,23.6,29.9,0.0,15.9
bcn,2026-07-09,34.6,24.7,30.0,0.0,15.6
bcn,2026-07-10,32.2,23.7,27.8,0.0,15.1
bcn,2026-07-11,29.8,23.3,26.5,0.0,17.5
bcn,2026-07-12,30.1,23.1,27.0,0.0,17.0
bcn,2026-07-13,29.8,25.1,27.4,0.0,17.0
bcn,2026-07-14,29.8,23.9,27.4,0.0,13.4
bcn,2026-07-15,34.6,25.0,29.6,0.0,25.4
bcn,2026-07-16,31.0,26.1,28.1,0.0,15.4
bcn,2026-07-17,32.3,25.3,28.3,0.0,18.4
bcn,2026-07-18,31.8,25.1,28.5,0.0,14.7
bcn,2026-07-19,32.9,25.7,29.6,0.0,16.4
bcn,2026-07-20,31.9,25.9,29.1,0.0,15.2
bcn,2026-07-21,31.6,26.0,29.0,0.1,14.0
bcn,2026-07-22,30.7,25.7,28.2,0.0,14.1
bcn,2026-07-23,31.0,23.8,27.7,0.0,12.9
bcn,2026-07-24,31.5,23.5,28.1,0.0,14.3
bcn,2026-07-25,29.7,25.2,27.5,2.5,17.8
bcn,2026-07-26,28.7,22.1,25.7,0.5,20.1
bcn,2026-07-27,29.6,21.0,25.8,0.0,14.9
bcn,2026-07-28,31.3,21.5,26.9,0.0,19.9
bcn,2026-07-29,32.4,22.9,28.2,0.0,19.1
bcn,2026-07-30,32.0,23.5,28.1,0.0,20.0
bcn,2026-07-31,31.3,23.1,27.6,0.0,17.6
bcn,2026-08-01,29.8,24.5,27.4,0.0,15.8
bcn,2026-08-02,31.5,24.4,28.1,0.0,14.5
bcn,2026-08-03,30.6,25.0,28.0,0.0,15.2
bcn,2026-08-04,30.5,25.6,28.1,0.3,13.5
bcn,2026-08-05,33.3,24.4,29.3,0.0,17.6
bcn,2026-08-06,30.9,25.4,28.0,3.7,10.8
bcn,2026-08-07,32.0,23.8,28.2,0.2,16.0
bcn,2026-08-08,33.0,23.4,28.7,0.0,15.3
bcn,2026-08-09,33.9,24.3,29.2,0.0,13.6
bcn,2026-08-10,31.9,25.3,28.8,0.0,14.3
bcn,2026-08-11,31.7,24.9,28.4,0.0,14.1
bcn,2026-08-12,33.0,24.7,29.0,0.0,13.0
bcn,2026-08-13,34.0,24.4,29.6,0.0,15.5
bcn,2026-08-16,32.8,24.7,29.1,1.1,18.2
bcn,2026-08-17,31.2,25.2,28.7,0.2,17.0
bcn,2026-08-18,31.2,25.6,28.6,1.2,19.6
bcn,2026-09-03,30.9,22.1,26.8,0.0,17.0
bcn,2026-09-04,33.0,22.3,27.7,0.0,17.0
bcn,2026-09-05,32.4,22.2,27.6,0.0,11.9
cai,2026-04-16,37.8,18.3,29.4,0.0,10.1
cai,2026-04-17,29.8,22.9,26.2,0.0,22.8
cai,2026-04-18,27.5,18.1,23.5,0.0,19.1
cai,2026-04-19,28.2,16.3,22.1,0.0,17.0
cai,2026-04-20,26.6,15.1,20.4,0.0,16.9
cai,2026-04-21,27.0,15.0,20.9,0.0,15.8
cai,2026-04-22,29.4,15.0,22.2,0.0,18.4
cai,2026-04-23,31.3,15.9,24.2,0.0,11.9
cai,2026-04-24,30.5,17.0,24.2,0.0,15.8
cai,2026-04-25,34.9,17.1,26.3,0.0,14.0
cai,2026-04-26,27.0,17.7,22.6,0.0,16.0
cai,2026-04-27,27.1,16.9,21.6,0.3,15.7
cai,2026-04-28,30.5,16.9,23.8,0.0,16.0
cai,2026-04-29,30.2,17.0,23.9,0.0,14.6
cai,2026-04-30,30.8,16.6,23.6,0.0,16.1
cai,2026-05-01,31.9,16.8,24.7,0.0,13.8
cai,2026-05-02,35.9,19.6,27.2,0.0,23.9
cai,2026-05-03,28.1,15.9,21.4,0.1,22.4
cai,2026-05-04,24.7,13.8,19.2,0.0,19.6
cai,2026-05-05,24.7,14.1,19.2,0.0,15.3
cai,2026-05-06,26.7,13.9,20.7,0.0,19.2
cai,2026-05-07,29.0,15.4,21.6,0.0,17.8
cai,2026-05-08,30.6,15.7,22.9,0.0,17.6
cai,2026-05-09,33.3,16.6,25.0,0.0,18.0
cai,2026-05-10,35.6,18.2,27.3,0.0,14.8
cai,2026-05-11,36.7,20.0,29.0,0.0,14.1
cai,2026-05-12,40.6,21.4,30.5,0.0,19.5
cai,2026-05-13,36.5,18.7,28.1,0.0,15.6
cai,2026-05-14,39.0,22.7,30.9,0.0,21.8
cai,2026-05-15,33.0,20.0,26.4,0.0,17.0
cai,2026-05-16,32.8,17.9,26.1,0.0,9.4
cai,2026-05-17,41.3,22.9,33.0,0.0,19.8
cai,2026-05-18,39.7,25.3,31.7,0.0,15.8
cai,2026-05-19,37.1,22.4,29.3,0.0,16.7
cai,2026-05-20,30.5,19.2,24.6,0.0,18.3
cai,2026-05-21,29.2,17.8,23.6,0.0,13.9
cai,2026-05-22,30.3,17.9,24.8,0.0,13.1
cai,2026-05-23,31.6,19.9,26.2,0.0,17.3
cai,2026-05-24,31.4,19.5,25.8,0.0,16.9
cai,2026-05-25,31.6,19.0,25.1,0.0,15.6
cai,2026-05-26,31.2,19.0,24.9,0.0,20.0
cai,2026-05-27,32.0,18.6,25.5,0.0,19.6
cai,2026-05-28,32.7,20.1,27.1,0.0,16.1
cai,2026-05-29,33.9,20.9,27.5,0.0,21.0
cai,2026-05-30,34.3,20.3,27.9,0.0,13.6
cai,2026-05-31,34.8,21.3,28.3,0.0,15.5
cai,2026-06-01,36.1,21.8,29.3,0.0,20.9
cai,2026-06-02,38.3,21.7,30.3,0.0,16.2
cai,2026-06-03,39.5,23.1,31.1,0.6,17.7
cai,2026-06-04,37.0,22.7,29.9,0.0,21.9
cai,2026-06-05,37.2,22.3,30.2,0.0,17.0
cai,2026-06-06,38.7,22.9,30.1,0.0,22.5
cai,2026-06-07,35.2,21.6,28.6,0.0,14.4
cai,2026-06-08,38.4,21.9,30.5,0.0,19.9
cai,2026-06-09,39.0,23.6,31.2,0.0,19.9
cai,2026-06-10,37.6,22.8,29.9,0.0,18.3
cai,2026-06-11,36.8,22.1,29.7,0.0,18.1
cai,2026-06-12,36.7,22.9,30.3,0.0,15.0
cai,2026-06-13,37.4,22.5,30.7,0.0,14.3
cai,2026-06-14,35.7,23.1,28.9,0.0,20.3
cai,2026-06-15,35.3,21.1,28.2,0.0,16.8
cai,2026-06-16,35.6,21.8,29.0,0.0,18.9
cai,2026-06-17,36.6,22.6,29.4,0.0,22.1
cai,2026-06-18,35.5,22.2,29.2,0.0,15.0
cai,2026-06-19,35.2,22.3,29.2,0.0,19.1
cai,2026-06-20,36.2,23.1,29.6,0.0,18.4
cai,2026-06-21,35.6,22.3,28.5,0.0,20.8
cai,2026-06-22,34.8,21.5,28.4,0.0,21.8
cai,2026-06-23,36.9,21.6,29.4,0.0,19.5
cai,2026-06-24,37.0,22.9,30.1,0.0,18.1
cai,2026-06-25,37.6,22.5,29.7,0.0,20.7
cai,2026-06-26,37.7,23.2,30.3,0.0,18.4
cai,2026-06-27,37.8,23.2,31.0,0.0,19.0
cai,2026-06-28,39.4,24.2,31.9,0.0,22.1
cai,2026-06-29,39.6,24.3,32.3,0.0,22.3
cai,2026-06-30,38.7,24.5,31.3,0.0,19.6
cai,2026-07-01,38.9,23.3,31.1,0.0,19.4
cai,2026-07-02,38.4,23.2,30.9,0.0,18.2
cai,2026-07-03,37.1,23.6,30.7,0.0,17.5
cai,2026-07-04,38.8,24.1,31.0,0.0,19.2
cai,2026-07-05,38.4,24.3,32.0,0.0,17.7
cai,2026-07-06,38.6,26.3,32.2,0.0,18.1
cai,2026-07-07,37.0,23.9,29.9,0.0,18.1
cai,2026-07-08,35.3,22.0,29.0,0.0,16.4
cai,2026-07-09,35.7,22.1,29.7,0.0,15.1
cai,2026-07-10,37.7,24.1,31.3,0.0,21.0
cai,2026-07-11,38.1,24.3,31.0,0.0,18.4
cai,2026-07-12,38.8,23.3,30.6,0.0,18.0
cai,2026-07-13,38.0,22.3,30.3,0.0,17.6
cai,2026-07-14,39.3,22.6,30.6,0.0,21.0
cai,2026-07-15,36.7,23.3,29.6,0.0,16.6
cai,2026-07-16,36.5,22.7,30.0,0.0,13.9
cai,2026-07-17,37.4,22.9,30.7,0.0,18.3
cai,2026-07-18,38.2,24.6,31.8,0.0,16.7
cai,2026-07-19,39.8,25.9,33.3,0.0,17.3
cai,2026-07-20,40.9,26.3,33.9,0.0,16.4
cai,2026-07-21,39.9,25.0,32.6,0.0,18.9
cai,2026-07-22,41.1,24.2,32.8,0.0,18.8
cai,2026-07-23,43.1,24.8,33.4,0.0,17.3
cai,2026-07-24,38.1,25.4,31.5,0.0,17.1
cai,2026-07-25,42.0,24.2,32.3,0.0,21.0
cai,2026-07-26,36.0,24.8,29.9,0.0,17.6
cai,2026-07-27,37.2,23.4,30.0,0.0,18.3
cai,2026-07-28,38.7,23.0,30.9,0.0,16.6
cai,2026-07-29,39.1,24.0,32.2,0.0,15.9
cai,2026-07-30,40.0,24.8,32.6,0.0,17.7
cai,2026-07-31,38.7,24.9,32.0,0.0,13.7
cai,2026-08-01,39.4,25.2,32.4,0.0,21.2
cai,2026-08-02,40.3,25.9,33.2,0.0,19.7
cai,2026-08-03,39.8,25.5,32.4,0.0,17.3
cai,2026-08-04,38.9,23.6,31.0,0.0,20.0
cai,2026-08-05,38.9,24.4,31.2,0.0,19.0
cai,2026-08-06,37.6,23.2,30.8,0.0,15.6
cai,2026-08-07,37.7,23.5,31.2,0.0,14.5
cai,2026-08-08,37.3,24.1,31.1,0.0,12.6
cai,2026-08-09,38.3,24.4,31.5,0.0,16.7
cai,2026-08-10,39.0,25.6,32.8,0.0,16.2
cai,2026-08-11,40.9,26.7,34.3,0.0,16.5
cai,2026-08-12,41.0,27.1,33.8,0.0,17.6
cai,2026-08-13,38.7,26.4,32.7,0.0,15.4
cai,2026-08-16,37.9,25.2,31.1,0.0,14.1
cai,2026-08-17,35.4,24.9,30.1,0.0,15.0
cai,2026-08-18,36.3,24.1,30.0,0.0,16.5
cai,2026-09-03,36.7,23.8,30.4,0.0,15.7
cai,2026-09-04,37.1,23.8,30.6,0.0,14.9
cai,2026-09-05,36.7,23.4,29.8,0.0,18.1
cas,2026-04-16,23.5,12.1,17.9,0.0,8.6
cas,2026-04-17,25.4,13.8,19.3,0.0,8.4
cas,2026-04-18,25.3,13.4,19.4,0.0,9.1
cas,2026-04-19,25.6,14.4,19.6,0.0,9.5
cas,2026-04-20,31.2,16.2,23.3,0.0,11.6
cas,2026-04-21,23.4,16.3,19.9,0.0,19.3
cas,2026-04-22,21.3,14.9,17.8,0.8,12.9
cas,2026-04-23,20.0,15.8,17.6,1.0,12.5
cas,2026-04-24,19.9,14.2,16.9,1.4,13.0
cas,2026-04-25,21.0,14.7,17.8,0.0,15.4
cas,2026-04-26,22.2,14.8,18.7,0.0,13.2
cas,2026-04-27,24.9,16.9,20.3,0.4,18.9
cas,2026-04-28,22.9,16.8,19.0,0.4,17.8
cas,2026-04-29,20.2,16.8,18.2,3.3,12.6
cas,2026-04-30,20.7,16.1,18.2,0.0,15.9
cas,2026-05-01,21.0,14.0,17.5,0.0,15.4
cas,2026-05-02,21.1,13.8,17.6,0.0,13.4
cas,2026-05-03,21.8,14.1,18.2,0.7,14.2
cas,2026-05-04,21.6,16.7,18.8,0.0,14.1
cas,2026-05-05,20.5,13.6,17.1,0.1,16.5
cas,2026-05-06,20.5,13.7,17.3,0.8,14.6
cas,2026-05-07,20.4,13.9,17.1,0.3,14.9
cas,2026-05-08,21.3,13.1,17.4,0.0,13.2
cas,2026-05-09,22.2,15.9,18.6,0.8,24.1
cas,2026-05-10,22.0,14.9,18.0,0.0,17.5
cas,2026-05-11,21.0,14.8,17.7,0.4,14.7
cas,2026-05-12,22.1,13.8,18.2,0.0,14.4
cas,2026-05-13,21.2,14.1,17.9,0.0,16.6
cas,2026-05-14,20.3,15.0,17.8,0.3,15.6
cas,2026-05-15,20.0,14.4,17.3,1.1,14.4
cas,2026-05-16,19.7,14.8,17.5,1.5,13.3
cas,2026-05-17,19.2,13.9,17.1,1.1,15.7
cas,2026-05-18,20.2,13.6,17.5,0.3,15.8
cas,2026-05-19,21.8,15.1,18.5,0.0,15.4
cas,2026-05-20,26.4,15.8,21.8,0.0,13.8
cas,2026-05-21,36.2,22.9,28.9,0.0,18.1
cas,2026-05-22,34.8,21.6,27.8,0.0,11.6
cas,2026-05-23,37.0,21.7,27.3,0.0,11.4
cas,2026-05-24,34.0,22.1,28.3,0.0,11.6
cas,2026-05-25,35.5,22.4,29.2,0.0,11.8
cas,2026-05-26,38.6,24.1,30.1,0.0,16.5
cas,2026-05-27,30.5,20.8,25.4,0.0,17.7
cas,2026-05-28,26.0,19.2,21.7,0.0,17.2
cas,2026-05-29,24.1,17.8,21.1,0.0,12.8
cas,2026-05-30,24.6,19.6,21.7,0.0,13.0
cas,2026-05-31,27.6,17.2,22.8,0.0,12.0
cas,2026-06-01,26.4,18.2,22.4,0.0,12.1
cas,2026-06-02,24.8,19.0,21.5,0.0,16.6
cas,2026-06-03,24.3,18.7,21.2,0.0,15.9
cas,2026-06-04,23.5,17.8,20.7,0.0,17.4
cas,2026-06-05,22.2,18.1,20.0,0.4,17.2
cas,2026-06-06,24.1,15.5,20.1,0.0,16.0
cas,2026-06-07,24.9,17.0,21.5,0.0,14.0
cas,2026-06-08,25.0,19.7,22.0,0.1,15.3
cas,2026-06-09,24.4,17.4,20.7,0.0,15.0
cas,2026-06-10,25.4,17.0,21.3,0.0,11.4
cas,2026-06-11,27.2,20.5,23.3,0.0,11.8
cas,2026-06-12,28.2,20.0,23.1,0.0,13.8
cas,2026-06-13,24.9,18.1,21.4,0.0,13.0
cas,2026-06-14,25.4,18.1,21.4,0.0,16.6
cas,2026-06-15,24.2,19.1,21.6,0.4,13.0
cas,2026-06-16,23.9,19.4,21.4,1.0,12.7
cas,2026-06-17,25.8,19.8,22.6,0.0,14.9
cas,2026-06-18,26.0,20.2,22.7,0.0,17.2
cas,2026-06-19,26.4,20.2,22.9,0.0,16.2
cas,2026-06-20,25.9,21.3,23.3,0.3,13.5
cas,2026-06-21,26.9,21.3,23.5,0.0,14.5
cas,2026-06-22,26.4,20.2,23.1,0.0,13.2
cas,2026-06-23,25.7,21.3,22.9,0.1,15.5
cas,2026-06-24,25.5,20.7,22.8,0.4,14.1
cas,2026-06-25,25.5,20.9,22.9,0.0,13.6
cas,2026-06-26,26.1,19.4,22.9,0.0,15.4
cas,2026-06-27,25.6,21.4,23.0,0.5,16.4
cas,2026-06-28,26.0,20.9,23.2,0.0,14.9
cas,2026-06-29,28.0,19.4,23.9,0.0,14.1
cas,2026-06-30,28.5,18.6,24.3,0.0,11.8
cas,2026-07-01,33.8,20.7,27.4,0.0,15.3
cas,2026-07-02,34.5,23.1,29.1,0.0,9.9
cas,2026-07-03,36.3,23.8,30.0,0.0,9.3
cas,2026-07-04,34.4,24.7,30.0,0.0,10.3
cas,2026-07-05,33.7,24.0,28.7,0.0,10.4
cas,2026-07-06,33.3,23.5,28.0,0.0,10.8
cas,2026-07-07,31.9,22.8,27.0,0.0,11.3
cas,2026-07-08,31.7,22.3,26.9,0.0,11.5
cas,2026-07-09,28.1,21.1,24.3,0.0,14.7
cas,2026-07-10,25.7,20.7,22.9,0.5,15.2
cas,2026-07-11,26.5,21.2,23.4,0.0,14.8
cas,2026-07-12,27.1,20.8,23.9,0.0,14.5
cas,2026-07-13,26.6,20.9,23.7,0.0,14.9
cas,2026-07-14,26.9,21.3,23.8,0.0,14.2
cas,2026-07-15,26.2,21.4,23.6,0.0,15.2
cas,2026-07-16,27.0,21.3,23.9,0.0,14.8
cas,2026-07-17,27.0,21.7,24.1,0.0,16.6
cas,2026-07-18,26.9,21.3,23.9,0.0,14.4
cas,2026-07-19,26.2,21.1,23.4,0.0,14.6
cas,2026-07-20,26.0,21.1,23.2,0.0,15.3
cas,2026-07-21,26.6,21.0,23.3,0.0,15.5
cas,2026-07-22,27.1,20.9,23.8,0.1,14.0
cas,2026-07-23,27.5,21.4,24.1,0.0,14.5
cas,2026-07-24,25.9,21.1,23.2,0.0,16.2
cas,2026-07-25,25.2,20.6,22.4,0.0,18.7
cas,2026-07-26,27.1,19.3,23.3,0.0,15.4
cas,2026-07-27,29.1,20.3,24.8,0.0,12.1
cas,2026-07-28,28.6,21.6,24.4,0.0,17.8
cas,2026-07-29,27.0,21.3,23.8,0.0,15.4
cas,2026-07-30,27.4,21.4,24.2,0.0,14.2
cas,2026-07-31,30.9,21.8,26.1,0.0,12.2
cas,2026-08-01,33.9,22.3,27.5,0.0,10.9
cas,2026-08-02,30.7,21.5,25.8,0.0,12.6
cas,2026-08-03,27.7,21.4,24.4,0.0,14.6
cas,2026-08-04,27.9,21.1,24.2,0.0,16.1
cas,2026-08-05,27.6,21.7,24.3,0.0,14.8
cas,2026-08-06,27.9,21.4,24.5,0.0,13.0
cas,2026-08-07,29.9,22.1,25.4,0.0,14.6
cas,2026-08-08,30.1,21.8,26.1,0.0,13.6
cas,2026-08-09,27.5,22.6,24.8,0.0,15.3
cas,2026-08-10,26.9,21.7,24.0,0.0,14.2
cas,2026-08-11,27.5,21.5,24.3,0.0,13.0
cas,2026-08-12,29.1,21.9,25.5,0.0,12.8
cas,2026-08-13,29.8,22.5,25.9,0.0,12.7
cas,2026-08-16,26.4,21.5,24.0,0.0,13.9
cas,2026-08-17,27.2,21.3,24.3,0.0,13.8
cas,2026-08-18,27.9,21.5,24.7,0.0,12.9
cas,2026-09-03,35.6,25.7,29.9,0.0,19.0
cas,2026-09-04,31.8,23.0,26.9,0.0,12.3
cas,2026-09-05,34.1,23.5,26.7,0.1,13.2
mar,2026-04-16,22.0,10.3,16.8,0.0,13.0
mar,2026-04-17,21.7,10.7,16.8,0.0,14.8
mar,2026-04-18,21.4,11.2,16.8,0.0,10.7
mar,2026-04-19,24.1,11.4,18.4,0.0,20.0
mar,2026-04-20,22.9,14.1,18.4,0.0,16.6
mar,2026-04-21,23.8,13.4,17.7,0.0,13.8
mar,2026-04-22,20.2,14.0,16.7,0.6,22.3
mar,2026-04-23,18.7,12.4,15.5,0.5,18.8
mar,2026-04-24,18.9,10.1,14.8,0.0,10.1
mar,2026-04-25,18.1,9.6,14.5,0.0,11.6
mar,2026-04-26,19.0,10.2,15.3,0.0,14.6
mar,2026-04-27,19.3,12.6,16.0,0.0,13.5
mar,2026-04-28,18.7,11.4,15.6,0.0,16.9
mar,2026-04-29,22.8,11.3,17.3,0.0,25.1
mar,2026-04-30,24.0,14.1,18.4,2.7,21.5
mar,2026-05-01,22.1,14.6,17.7,0.0,25.1
mar,2026-05-02,19.2,12.0,16.2,0.0,27.7
mar,2026-05-03,19.3,14.8,16.9,0.6,22.9
mar,2026-05-04,17.9,12.6,15.7,37.8,31.4
mar,2026-05-05,17.8,14.0,15.8,18.2,23.1
mar,2026-05-06,17.3,12.5,15.1,1.7,17.2
mar,2026-05-07,18.1,12.2,15.0,0.0,12.8
mar,2026-05-08,19.6,11.0,15.5,0.0,11.1
mar,2026-05-09,21.0,11.2,17.1,0.1,19.9
mar,2026-05-10,19.8,15.0,17.1,1.8,20.9
mar,2026-05-11,19.4,15.3,17.7,0.2,28.7
mar,2026-05-12,20.0,14.0,17.0,0.0,33.2
mar,2026-05-13,20.7,12.5,16.7,0.0,29.9
mar,2026-05-14,17.3,12.9,15.1,0.7,26.2
mar,2026-05-15,16.5,10.6,13.4,1.5,34.3
mar,2026-05-16,18.1,10.4,14.5,0.0,35.2
mar,2026-05-17,21.2,11.5,16.0,0.0,25.7
mar,2026-05-18,20.6,12.6,16.9,0.1,23.8
mar,2026-05-19,20.9,12.5,17.3,0.0,19.3
mar,2026-05-20,27.2,15.2,20.9,0.0,25.0
mar,2026-05-21,22.9,15.0,19.7,0.0,12.8
mar,2026-05-22,23.4,15.6,20.1,0.0,12.1
mar,2026-05-23,24.9,16.9,21.1,0.0,10.2
mar,2026-05-24,26.4,16.2,22.7,0.0,13.9
mar,2026-05-25,28.1,19.9,25.0,0.0,13.1
mar,2026-05-26,27.8,19.6,24.6,0.0,11.8
mar,2026-05-27,26.7,19.8,23.3,0.0,16.1
mar,2026-05-28,27.5,18.5,22.8,0.0,13.9
mar,2026-05-29,27.0,19.5,23.4,0.0,13.6
mar,2026-05-30,27.5,19.4,23.9,0.0,16.5
mar,2026-05-31,27.6,19.3,24.3,0.0,19.5
mar,2026-06-01,30.6,21.3,24.9,0.0,24.6
mar,2026-06-02,24.5,19.8,21.9,0.7,26.2
mar,2026-06-03,25.2,17.6,21.8,0.0,33.2
mar,2026-06-04,23.1,16.0,19.5,4.6,31.1
mar,2026-06-05,22.4,14.8,18.4,0.0,27.1
mar,2026-06-06,22.4,16.1,19.5,0.0,15.1
mar,2026-06-07,26.8,17.6,21.5,0.0,18.1
mar,2026-06-08,24.7,16.2,21.2,0.0,13.0
mar,2026-06-09,27.8,19.0,23.4,0.1,23.5
mar,2026-06-10,24.9,17.1,20.9,0.0,34.5
mar,2026-06-11,25.6,17.2,21.5,0.0,35.3
mar,2026-06-12,30.5,18.0,24.7,0.0,29.2
mar,2026-06-13,27.4,19.4,23.1,0.0,16.0
mar,2026-06-14,25.3,17.1,21.6,0.0,14.5
mar,2026-06-15,23.2,17.3,20.7,0.0,17.2
mar,2026-06-16,25.0,18.0,21.9,0.0,13.3
mar,2026-06-17,27.3,17.5,23.0,0.0,13.3
mar,2026-06-18,27.9,19.1,24.5,0.0,12.1
mar,2026-06-19,29.8,20.6,26.0,0.0,14.2
mar,2026-06-20,32.0,21.6,27.1,0.0,12.9
mar,2026-06-21,33.0,21.8,27.9,0.0,15.3
mar,2026-06-22,32.3,23.0,28.2,0.0,12.0
mar,2026-06-23,32.2,24.3,28.9,0.0,11.0
mar,2026-06-24,31.9,24.0,28.3,0.0,11.9
mar,2026-06-25,31.2,23.5,28.2,0.0,12.6
mar,2026-06-26,30.8,22.5,27.4,0.0,13.4
mar,2026-06-27,31.3,22.3,28.0,0.0,12.4
mar,2026-06-28,29.8,23.3,27.4,0.0,10.9
mar,2026-06-29,35.2,23.8,29.8,0.0,24.9
mar,2026-06-30,31.6,24.7,28.5,0.0,17.4
mar,2026-07-01,33.0,25.2,28.4,0.0,41.0
mar,2026-07-02,32.7,22.5,28.0,0.0,29.5
mar,2026-07-03,33.2,23.8,28.7,0.0,18.1
mar,2026-07-04,33.3,23.2,28.5,0.0,16.9
mar,2026-07-05,34.6,22.6,29.1,0.0,22.8
mar,2026-07-06,30.2,24.0,27.4,0.0,14.3
mar,2026-07-07,29.7,21.1,25.7,0.0,12.8
mar,2026-07-08,37.4,23.3,31.0,0.0,26.9
mar,2026-07-09,29.8,23.8,27.1,0.0,13.1
mar,2026-07-10,30.9,23.1,27.2,0.0,16.8
mar,2026-07-11,30.7,24.0,27.6,0.1,16.2
mar,2026-07-12,30.9,22.4,27.2,0.0,13.3
mar,2026-07-13,31.6,23.9,27.5,0.0,26.2
mar,2026-07-14,29.9,24.8,27.2,0.0,14.1
mar,2026-07-15,29.6,23.9,26.7,0.2,17.7
mar,2026-07-16,31.3,24.3,27.4,0.0,26.0
mar,2026-07-17,31.7,24.8,28.2,0.0,16.3
mar,2026-07-18,36.6,24.8,29.9,0.0,19.5
mar,2026-07-19,36.7,25.2,31.1,0.0,16.8
mar,2026-07-20,36.0,26.2,30.5,0.0,18.7
mar,2026-07-21,35.8,25.4,30.7,0.0,22.9
mar,2026-07-22,31.3,21.4,26.7,0.0,20.8
mar,2026-07-23,34.6,22.9,28.8,0.0,27.6
mar,2026-07-24,29.9,21.6,26.4,0.0,19.6
mar,2026-07-25,30.1,19.6,25.7,5.6,27.7
mar,2026-07-26,28.9,19.7,24.5,0.4,27.4
mar,2026-07-27,32.1,22.2,27.3,0.0,31.0
mar,2026-07-28,28.6,22.0,25.4,0.0,22.3
mar,2026-07-29,28.9,20.3,25.1,0.0,12.3
mar,2026-07-30,29.0,21.1,25.4,0.0,11.3
mar,2026-07-31,28.3,22.2,25.4,1.1,12.6
mar,2026-08-01,32.5,22.7,26.9,0.0,23.7
mar,2026-08-02,30.5,23.0,26.9,0.0,16.1
mar,2026-08-03,30.3,23.4,27.4,0.0,26.8
mar,2026-08-04,30.9,25.7,27.8,2.8,17.7
mar,2026-08-05,35.4,25.3,29.6,0.0,24.5
mar,2026-08-06,35.8,26.0,30.4,0.0,24.1
mar,2026-08-07,33.9,24.7,28.8,0.0,22.6
mar,2026-08-08,34.1,23.7,28.4,0.0,14.2
mar,2026-08-09,32.1,23.8,28.3,0.0,14.4
mar,2026-08-10,31.9,23.9,28.0,0.0,11.3
mar,2026-08-11,34.2,24.8,27.9,0.5,18.9
mar,2026-08-12,33.9,23.7,28.6,0.0,14.1
mar,2026-08-13,33.9,24.2,29.6,0.0,17.6
mar,2026-08-16,30.5,24.1,27.7,0.0,14.9
mar,2026-08-17,33.1,24.2,29.0,0.0,27.0
mar,2026-08-18,34.3,25.0,29.1,0.0,25.5
mar,2026-09-03,32.5,20.8,26.7,0.0,17.1
mar,2026-09-04,30.0,20.4,25.2,0.0,14.6
mar,2026-09-05,34.3,21.7,27.9,0.0,23.8
rom,2026-04-16,23.2,11.4,17.2,0.3,7.9
rom,2026-04-17,26.1,11.9,18.7,0.0,10.9
rom,2026-04-18,26.8,13.0,19.4,0.0,17.1
rom,2026-04-19,25.3,12.0,18.7,0.0,13.4
rom,2026-04-20,24.0,14.2,19.2,0.1,11.9
rom,2026-04-21,23.5,15.2,18.8,0.0,15.9
rom,2026-04-22,20.1,12.2,15.9,4.3,12.6
rom,2026-04-23,20.6,8.6,14.5,0.0,17.4
rom,2026-04-24,21.4,7.7,14.5,0.0,14.2
rom,2026-04-25,24.0,9.5,16.5,0.0,12.7
rom,2026-04-26,23.7,10.3,16.7,0.0,13.0
rom,2026-04-27,24.0,11.3,17.3,0.0,12.1
rom,2026-04-28,24.7,11.6,18.0,0.0,11.8
rom,2026-04-29,25.1,10.3,18.1,0.9,12.6
rom,2026-04-30,21.8,13.3,16.9,21.9,12.2
rom,2026-05-01,21.6,8.9,15.4,0.0,18.2
rom,2026-05-02,23.4,7.5,15.4,0.0,15.9
rom,2026-05-03,22.8,9.4,16.5,0.0,15.5
rom,2026-05-04,23.0,11.5,16.9,0.3,12.3
rom,2026-05-05,20.1,13.8,16.7,7.5,19.4
rom,2026-05-06,21.8,15.0,17.8,2.6,17.2
rom,2026-05-07,23.9,14.8,18.9,2.0,9.2
rom,2026-05-08,21.4,14.9,17.9,0.4,9.7
rom,2026-05-09,24.7,13.5,19.3,0.0,13.2
rom,2026-05-10,22.6,16.0,18.6,5.7,22.1
rom,2026-05-11,22.4,16.3,19.2,0.7,16.8
rom,2026-05-12,23.4,15.8,19.2,0.1,21.1
rom,2026-05-13,19.1,12.9,16.3,16.1,11.8
rom,2026-05-14,21.3,11.6,16.6,0.7,17.5
rom,2026-05-15,20.8,13.2,15.9,10.6,17.4
rom,2026-05-16,18.2,11.7,14.9,6.0,19.1
rom,2026-05-17,20.7,9.4,15.6,0.1,11.7
rom,2026-05-18,21.2,11.2,16.5,0.0,14.7
rom,2026-05-19,23.2,12.2,17.9,0.3,14.7
rom,2026-05-20,25.5,13.2,19.5,0.0,10.2
rom,2026-05-21,28.3,13.1,21.3,0.3,14.6
rom,2026-05-22,29.0,14.7,22.5,0.0,17.5
rom,2026-05-23,30.5,14.9,22.9,0.0,15.4
rom,2026-05-24,30.9,16.3,23.7,0.0,16.1
rom,2026-05-25,32.3,16.6,24.5,0.0,16.7
rom,2026-05-26,32.9,17.2,25.6,0.0,14.6
rom,2026-05-27,33.3,19.3,26.4,0.0,13.3
rom,2026-05-28,33.6,20.9,26.7,0.1,10.5
rom,2026-05-29,29.2,19.6,24.1,0.3,9.4
rom,2026-05-30,30.4,17.8,24.1,0.0,12.4
rom,2026-05-31,30.9,18.1,24.5,0.0,12.2
rom,2026-06-01,28.6,18.0,24.1,0.0,16.3
rom,2026-06-02,27.5,20.1,23.9,7.3,16.4
rom,2026-06-03,26.2,18.9,22.3,10.1,16.2
rom,2026-06-04,27.8,17.1,22.4,0.0,14.0
rom,2026-06-05,25.9,17.0,22.1,0.4,9.5
rom,2026-06-06,28.0,19.1,23.4,0.0,13.0
rom,2026-06-07,31.0,17.2,24.0,0.0,13.0
rom,2026-06-08,31.9,18.8,25.5,0.0,13.6
rom,2026-06-09,31.3,18.7,24.8,0.0,15.5
rom,2026-06-10,29.8,18.8,24.9,0.0,14.3
rom,2026-06-11,26.0,21.1,23.8,0.0,15.4
rom,2026-06-12,31.1,17.6,24.9,0.0,16.5
rom,2026-06-13,32.4,18.8,25.8,0.0,15.0
rom,2026-06-14,31.3,19.7,25.6,0.0,14.6
rom,2026-06-15,30.2,18.7,24.9,0.0,16.3
rom,2026-06-16,31.3,20.0,25.5,0.0,13.3
rom,2026-06-17,34.7,20.8,26.9,2.0,15.3
rom,2026-06-18,34.9,21.0,28.4,0.2,13.7
rom,2026-06-19,36.5,23.1,29.4,0.7,14.4
rom,2026-06-20,36.0,23.2,29.7,0.0,14.6
rom,2026-06-21,37.6,23.4,30.4,0.0,14.5
rom,2026-06-22,35.6,24.2,29.5,1.4,10.8
rom,2026-06-23,35.5,22.9,29.3,0.8,13.2
rom,2026-06-24,34.8,22.5,28.0,1.2,7.2
rom,2026-06-25,35.4,22.4,29.0,0.0,9.7
rom,2026-06-26,35.7,23.3,29.1,1.5,15.4
rom,2026-06-27,36.0,24.8,30.3,0.9,11.2
rom,2026-06-28,37.8,24.2,30.9,0.0,15.6
rom,2026-06-29,37.5,25.7,31.3,0.2,12.1
rom,2026-06-30,36.6,23.7,30.9,0.3,9.5
rom,2026-07-01,36.7,23.8,29.7,0.0,16.2
rom,2026-07-02,31.9,20.4,26.0,8.3,19.2
rom,2026-07-03,33.2,20.6,26.7,1.2,13.8
rom,2026-07-04,33.8,20.5,27.4,0.0,16.0
rom,2026-07-05,33.7,19.3,27.1,0.0,15.4
rom,2026-07-06,34.9,22.2,28.4,0.0,13.5
rom,2026-07-07,34.8,22.1,28.0,0.4,16.3
rom,2026-07-08,33.5,22.3,27.7,0.0,14.0
rom,2026-07-09,34.0,22.0,28.1,0.9,12.8
rom,2026-07-10,35.2,23.4,29.3,0.0,13.5
rom,2026-07-11,35.5,24.0,29.7,0.0,13.5
rom,2026-07-12,35.1,23.2,29.3,0.0,13.7
rom,2026-07-13,34.3,23.6,29.5,0.0,14.8
rom,2026-07-14,36.8,24.4,30.4,0.0,16.0
rom,2026-07-15,36.1,23.4,30.1,0.0,12.8
rom,2026-07-16,38.0,25.0,31.2,0.0,10.9
rom,2026-07-17,38.1,26.5,31.6,0.0,17.3
rom,2026-07-18,38.6,25.2,31.5,0.0,12.8
rom,2026-07-19,36.1,26.2,30.9,0.0,18.6
rom,2026-07-20,37.7,25.7,31.4,0.0,12.6
rom,2026-07-21,37.4,26.2,31.2,0.0,19.9
rom,2026-07-22,35.8,24.3,30.2,0.5,12.3
rom,2026-07-23,33.9,23.2,28.5,0.7,12.6
rom,2026-07-24,34.6,22.5,28.6,0.0,20.0
rom,2026-07-25,32.1,21.4,27.2,0.0,15.4
rom,2026-07-26,32.8,25.3,28.7,1.8,25.9
rom,2026-07-27,32.7,22.6,28.0,0.4,11.8
rom,2026-07-28,36.4,23.6,30.2,0.0,15.8
rom,2026-07-29,38.2,25.5,31.2,0.0,15.1
rom,2026-07-30,39.2,25.3,32.5,0.0,15.5
rom,2026-07-31,39.0,25.4,31.7,0.0,19.1
rom,2026-08-01,38.5,25.2,31.6,0.0,13.8
rom,2026-08-02,37.0,26.0,30.3,2.2,15.5
rom,2026-08-03,35.5,24.8,30.4,0.1,11.2
rom,2026-08-04,37.9,24.5,30.7,0.0,12.6
rom,2026-08-05,36.8,24.7,30.9,0.0,16.5
rom,2026-08-06,38.2,24.4,30.7,0.1,12.9
rom,2026-08-07,38.4,25.2,31.1,0.3,13.7
rom,2026-08-08,36.9,25.1,30.7,0.7,9.1
rom,2026-08-09,38.3,24.8,30.8,0.5,15.6
rom,2026-08-10,39.3,25.8,31.6,0.2,13.0
rom,2026-08-11,39.2,25.4,31.7,0.0,14.4
rom,2026-08-12,38.1,25.7,31.7,0.1,11.6
rom,2026-08-13,38.2,24.2,31.3,0.0,9.7
rom,2026-08-16,35.2,24.6,30.0,0.0,11.1
rom,2026-08-17,32.5,24.5,27.2,3.6,14.5
rom,2026-08-18,33.9,21.9,27.3,1.3,12.7
rom,2026-09-03,36.1,21.9,28.7,0.0,12.8
rom,2026-09-04,35.3,21.7,28.5,0.0,11.8
rom,2026-09-05,35.5,21.8,28.2,0.0,13.6
sfa,2026-04-16,21.3,13.6,17.0,6.5,25.3
sfa,2026-04-17,22.7,14.0,17.8,1.8,18.3
sfa,2026-04-18,24.3,13.2,17.9,0.0,11.8
sfa,2026-04-19,23.0,13.9,18.2,0.2,13.9
sfa,2026-04-20,23.0,14.5,18.9,0.0,12.2
sfa,2026-04-21,30.8,17.5,23.4,0.0,19.5
sfa,2026-04-22,30.1,15.6,22.3,0.0,14.4
sfa,2026-04-23,24.2,15.9,19.4,0.0,18.4
sfa,2026-04-24,21.5,13.5,17.6,0.1,15.4
sfa,2026-04-25,20.7,14.5,17.3,0.0,14.8
sfa,2026-04-26,21.6,12.9,17.8,0.0,12.7
sfa,2026-04-27,23.4,15.6,19.5,0.1,18.0
sfa,2026-04-28,24.6,16.5,20.2,0.0,16.4
sfa,2026-04-29,24.5,17.4,20.4,0.0,12.5
sfa,2026-04-30,26.0,16.7,21.2,0.0,14.3
sfa,2026-05-01,22.6,17.0,19.4,0.0,18.5
sfa,2026-05-02,22.0,14.5,18.0,0.0,20.6
sfa,2026-05-03,21.5,12.0,17.6,0.3,18.8
sfa,2026-05-04,23.3,16.7,20.0,0.0,15.5
sfa,2026-05-05,24.9,16.6,20.6,0.0,13.3
sfa,2026-05-06,26.2,18.3,21.4,0.0,22.3
sfa,2026-05-07,27.8,16.9,20.8,0.6,23.7
sfa,2026-05-08,29.1,17.4,21.9,0.0,18.7
sfa,2026-05-09,25.0,16.6,21.0,0.0,16.6
sfa,2026-05-10,27.4,18.4,22.1,0.0,24.6
sfa,2026-05-11,25.4,16.0,21.6,0.0,14.0
sfa,2026-05-12,26.5,18.2,21.9,0.0,15.7
sfa,2026-05-13,25.9,19.0,22.1,0.0,15.7
sfa,2026-05-14,24.0,17.0,21.0,0.0,21.1
sfa,2026-05-15,29.1,19.6,24.2,5.4,20.6
sfa,2026-05-16,26.9,17.4,21.6,1.8,23.1
sfa,2026-05-17,23.6,15.6,19.0,2.4,20.5
sfa,2026-05-18,23.6,14.1,19.2,0.0,14.3
sfa,2026-05-19,24.7,15.1,20.4,1.7,14.9
sfa,2026-05-20,26.6,15.8,21.6,0.0,17.4
sfa,2026-05-21,27.2,17.3,22.3,0.0,17.8
sfa,2026-05-22,28.4,17.2,22.7,0.0,14.5
sfa,2026-05-23,27.4,16.9,22.3,0.0,18.6
sfa,2026-05-24,27.3,17.5,22.2,0.0,16.8
sfa,2026-05-25,28.2,16.7,22.9,0.0,12.1
sfa,2026-05-26,27.6,18.4,23.2,0.0,14.0
sfa,2026-05-27,28.2,17.8,23.7,0.1,13.7
sfa,2026-05-28,30.1,18.7,24.6,0.0,14.4
sfa,2026-05-29,31.3,19.5,25.5,0.0,14.9
sfa,2026-05-30,29.4,20.2,25.0,0.0,16.2
sfa,2026-05-31,29.0,19.6,24.6,0.2,10.5
sfa,2026-06-01,28.8,20.1,25.0,0.4,12.0
sfa,2026-06-02,30.8,21.4,26.3,0.0,13.7
sfa,2026-06-03,37.9,23.4,29.6,0.1,20.2
sfa,2026-06-04,29.3,22.0,25.2,0.0,17.3
sfa,2026-06-05,32.1,20.3,26.0,0.0,15.8
sfa,2026-06-06,32.3,21.1,26.5,0.0,14.4
sfa,2026-06-07,31.3,21.9,26.3,0.0,17.0
sfa,2026-06-08,32.2,21.9,26.5,0.0,12.7
sfa,2026-06-09,32.2,21.0,27.2,0.0,13.2
sfa,2026-06-10,31.8,21.6,26.9,0.0,14.3
sfa,2026-06-11,32.5,23.4,27.4,0.0,19.6
sfa,2026-06-12,30.9,20.6,25.2,0.0,19.5
sfa,2026-06-13,29.5,19.7,24.3,0.0,18.2
sfa,2026-06-14,29.0,18.2,24.4,0.0,13.8
sfa,2026-06-15,33.0,22.7,26.9,1.0,20.4
sfa,2026-06-16,31.3,23.8,26.8,0.0,15.3
sfa,2026-06-17,30.9,22.1,26.6,0.0,14.2
sfa,2026-06-18,31.3,20.6,26.4,0.0,13.5
sfa,2026-06-19,31.4,19.6,26.2,0.0,12.6
sfa,2026-06-20,31.8,22.6,27.3,0.0,11.9
sfa,2026-06-21,32.9,23.1,27.9,0.0,12.9
sfa,2026-06-22,32.5,21.7,27.7,0.0,15.2
sfa,2026-06-23,32.1,22.0,27.5,0.0,14.3
sfa,2026-06-24,31.7,23.4,27.6,0.0,13.2
sfa,2026-06-25,33.0,23.9,28.3,0.0,12.6
sfa,2026-06-26,32.6,23.9,28.6,0.0,12.7
sfa,2026-06-27,32.4,22.7,28.3,0.1,13.9
sfa,2026-06-28,33.3,24.0,28.9,0.0,12.4
sfa,2026-06-29,35.2,24.3,29.8,0.0,13.7
sfa,2026-06-30,35.1,25.6,29.6,3.2,11.5
sfa,2026-07-01,33.5,25.0,29.1,0.5,11.2
sfa,2026-07-02,34.2,25.5,29.4,2.6,15.3
sfa,2026-07-03,33.0,23.5,27.8,0.2,15.6
sfa,2026-07-04,32.6,23.8,28.1,1.4,18.2
sfa,2026-07-05,33.9,23.7,28.5,0.0,17.7
sfa,2026-07-06,32.5,22.5,27.6,0.0,16.9
sfa,2026-07-07,32.7,21.2,27.6,0.0,13.6
sfa,2026-07-08,33.3,23.2,28.5,0.0,14.8
sfa,2026-07-09,36.7,23.5,30.4,0.0,16.3
sfa,2026-07-10,36.0,24.7,30.4,0.0,17.9
sfa,2026-07-11,32.9,26.0,29.1,0.0,15.2
sfa,2026-07-12,36.2,25.9,31.0,0.0,14.7
sfa,2026-07-13,34.4,26.0,30.1,0.0,17.5
sfa,2026-07-14,33.2,24.0,28.8,0.0,12.7
sfa,2026-07-15,39.8,25.2,32.2,0.0,16.0
sfa,2026-07-16,38.0,27.3,31.8,0.0,11.8
sfa,2026-07-17,41.3,26.0,33.3,0.0,14.0
sfa,2026-07-18,41.5,27.5,34.1,0.0,11.7
sfa,2026-07-19,42.8,28.4,35.5,0.0,14.3
sfa,2026-07-20,45.1,29.1,36.4,0.0,16.1
sfa,2026-07-21,41.0,29.4,35.3,0.0,15.2
sfa,2026-07-22,45.2,30.7,37.0,0.0,17.2
sfa,2026-07-23,39.4,27.3,33.9,0.0,12.4
sfa,2026-07-24,40.2,28.6,33.1,0.1,19.2
sfa,2026-07-25,34.3,25.3,30.2,0.0,15.2
sfa,2026-07-26,35.0,28.8,32.0,0.0,18.6
sfa,2026-07-27,37.2,27.7,31.7,0.0,24.0
sfa,2026-07-28,34.8,25.6,29.6,0.0,20.8
sfa,2026-07-29,34.2,24.8,29.4,1.9,19.6
sfa,2026-07-30,34.1,25.3,29.5,1.0,20.0
sfa,2026-07-31,34.2,24.5,29.6,0.3,12.8
sfa,2026-08-01,36.4,24.8,30.1,0.0,17.3
sfa,2026-08-02,35.6,24.9,30.6,0.0,14.4
sfa,2026-08-03,36.6,27.3,31.7,0.0,15.8
sfa,2026-08-04,36.2,28.5,31.8,0.0,15.4
sfa,2026-08-05,34.8,28.1,31.5,0.0,15.7
sfa,2026-08-06,34.2,27.5,30.4,0.3,19.0
sfa,2026-08-07,36.6,26.2,31.0,0.3,16.8
sfa,2026-08-08,35.1,26.1,30.4,0.0,15.5
sfa,2026-08-09,34.6,26.1,30.3,0.0,13.8
sfa,2026-08-10,34.1,24.2,29.5,0.0,13.9
sfa,2026-08-11,34.4,25.8,29.9,0.0,13.0
sfa,2026-08-12,36.1,24.8,30.5,0.0,12.0
sfa,2026-08-13,36.3,25.5,30.8,0.0,13.5
sfa,2026-08-16,34.0,26.9,30.3,0.0,12.4
sfa,2026-08-17,35.5,26.6,30.9,0.0,12.6
sfa,2026-08-18,36.5,26.2,31.5,0.0,14.7
sfa,2026-09-03,37.1,26.9,31.3,0.0,17.5
sfa,2026-09-04,34.2,25.7,29.5,0.0,20.3
sfa,2026-09-05,33.4,24.9,29.3,0.4,12.8
tun,2026-04-16,20.2,13.8,16.3,3.7,17.2
tun,2026-04-17,21.1,13.4,16.6,0.6,17.2
tun,2026-04-18,23.1,12.4,17.2,0.0,12.6
tun,2026-04-19,23.7,11.3,17.1,0.0,8.9
tun,2026-04-20,27.0,11.6,19.0,0.0,7.5
tun,2026-04-21,27.5,13.9,19.7,0.0,8.3
tun,2026-04-22,26.1,14.8,19.1,0.0,9.4
tun,2026-04-23,21.0,14.5,17.4,0.0,14.0
tun,2026-04-24,20.5,12.1,16.0,0.0,14.0
tun,2026-04-25,21.5,10.9,16.3,0.0,9.5
tun,2026-04-26,24.7,12.0,18.0,0.3,7.8
tun,2026-04-27,24.7,14.7,18.8,0.6,10.1
tun,2026-04-28,25.7,13.0,19.0,0.0,11.5
tun,2026-04-29,25.4,16.1,20.2,0.3,12.9
tun,2026-04-30,28.6,15.0,20.0,0.0,12.2
tun,2026-05-01,22.7,15.0,18.4,0.1,14.8
tun,2026-05-02,20.6,13.2,16.8,0.0,12.9
tun,2026-05-03,25.5,9.8,18.1,0.0,14.2
tun,2026-05-04,28.4,15.9,21.7,0.0,12.2
tun,2026-05-05,27.7,17.1,21.5,0.0,12.8
tun,2026-05-06,22.0,15.9,18.9,0.3,11.8
tun,2026-05-07,23.0,16.3,19.2,8.4,9.5
tun,2026-05-08,25.1,15.3,19.6,0.1,15.8
tun,2026-05-09,26.7,14.9,20.3,0.5,17.4
tun,2026-05-10,26.4,17.2,21.1,0.0,14.4
tun,2026-05-11,33.7,14.8,23.7,0.0,18.5
tun,2026-05-12,28.2,16.9,22.0,0.0,10.9
tun,2026-05-13,26.6,17.2,21.1,0.0,25.7
tun,2026-05-14,27.5,15.1,20.9,0.0,14.6
tun,2026-05-15,28.6,17.7,22.8,0.2,12.1
tun,2026-05-16,22.7,16.1,19.2,0.0,20.1
tun,2026-05-17,22.0,14.1,17.9,1.7,17.6
tun,2026-05-18,23.6,13.1,18.2,0.0,10.3
tun,2026-05-19,25.4,13.0,19.6,0.0,10.8
tun,2026-05-20,27.5,14.1,20.8,0.0,11.1
tun,2026-05-21,26.0,15.8,21.2,0.0,12.1
tun,2026-05-22,28.5,15.7,21.8,0.0,15.8
tun,2026-05-23,28.1,15.5,22.1,0.0,13.8
tun,2026-05-24,27.1,15.8,21.9,0.0,13.6
tun,2026-05-25,29.1,16.6,23.0,0.0,12.4
tun,2026-05-26,29.4,17.0,23.3,0.0,10.9
tun,2026-05-27,30.6,17.6,24.2,0.0,11.2
tun,2026-05-28,32.5,18.0,25.2,0.0,13.0
tun,2026-05-29,31.1,18.9,25.0,0.0,12.8
tun,2026-05-30,31.9,19.3,24.6,0.0,11.5
tun,2026-05-31,29.9,19.1,23.8,1.8,10.2
tun,2026-06-01,30.6,19.3,24.4,1.2,12.3
tun,2026-06-02,34.7,19.3,27.2,0.0,10.7
tun,2026-06-03,34.2,21.7,27.6,0.0,16.8
tun,2026-06-04,29.1,19.8,24.1,0.0,11.8
tun,2026-06-05,32.1,20.5,25.6,0.0,12.1
tun,2026-06-06,31.7,20.8,25.7,0.0,13.0
tun,2026-06-07,30.0,21.2,25.3,0.0,14.3
tun,2026-06-08,29.6,21.0,25.0,0.0,10.8
tun,2026-06-09,36.0,20.0,28.7,0.0,10.6
tun,2026-06-10,36.1,23.1,28.6,0.2,12.0
tun,2026-06-11,29.4,20.2,24.5,0.0,20.3
tun,2026-06-12,28.9,19.2,23.7,0.0,17.4
tun,2026-06-13,29.1,18.1,24.1,0.0,12.6
tun,2026-06-14,35.4,19.2,27.3,0.0,12.9
tun,2026-06-15,33.6,21.7,27.0,7.3,13.0
tun,2026-06-16,29.6,21.6,25.1,1.1,10.2
tun,2026-06-17,31.6,19.3,25.2,0.0,10.1
tun,2026-06-18,33.0,19.3,26.5,0.0,10.0
tun,2026-06-19,35.2,19.8,27.8,0.0,14.1
tun,2026-06-20,36.8,22.4,29.5,0.0,13.9
tun,2026-06-21,35.6,23.0,29.3,0.0,12.3
tun,2026-06-22,36.5,22.8,29.5,0.0,13.9
tun,2026-06-23,37.1,22.9,30.0,0.0,11.0
tun,2026-06-24,36.9,23.9,30.8,0.0,12.1
tun,2026-06-25,38.2,23.9,30.9,0.0,17.9
tun,2026-06-26,35.9,24.1,29.9,0.0,11.1
tun,2026-06-27,34.1,23.6,28.8,0.0,11.7
tun,2026-06-28,33.8,23.9,28.8,0.0,11.6
tun,2026-06-29,36.8,23.8,30.3,0.0,11.5
tun,2026-06-30,36.7,25.3,30.2,1.0,11.6
tun,2026-07-01,35.7,24.1,29.2,0.7,17.4
tun,2026-07-02,33.1,23.6,27.8,0.0,26.1
tun,2026-07-03,29.3,23.0,25.4,7.4,23.0
tun,2026-07-04,32.5,23.3,27.3,0.0,15.5
tun,2026-07-05,33.0,22.8,27.6,0.5,11.8
tun,2026-07-06,34.9,21.5,27.8,0.0,11.6
tun,2026-07-07,35.5,23.2,28.6,0.0,13.6
tun,2026-07-08,36.5,21.5,29.1,0.0,13.7
tun,2026-07-09,39.0,23.2,31.4,0.0,10.9
tun,2026-07-10,38.6,24.3,31.0,0.0,15.8
tun,2026-07-11,39.8,26.0,31.8,0.0,15.9
tun,2026-07-12,43.4,26.9,33.1,0.0,11.1
tun,2026-07-13,34.3,25.1,29.8,0.0,12.6
tun,2026-07-14,43.0,25.2,33.6,0.0,11.3
tun,2026-07-15,41.1,27.7,33.2,0.0,9.4
tun,2026-07-16,41.5,25.6,33.6,0.0,11.3
tun,2026-07-17,48.0,27.5,36.2,0.0,13.4
tun,2026-07-18,42.7,27.3,34.8,0.0,9.5
tun,2026-07-19,47.1,27.8,37.6,0.1,9.0
tun,2026-07-20,44.8,29.7,37.2,0.0,8.3
tun,2026-07-21,48.9,29.2,38.7,0.3,15.8
tun,2026-07-22,42.3,30.4,35.0,0.0,11.9
tun,2026-07-23,42.6,26.8,33.9,0.0,10.3
tun,2026-07-24,38.6,27.4,31.9,0.0,14.4
tun,2026-07-25,38.3,24.7,31.7,0.0,14.5
tun,2026-07-26,39.9,28.6,33.3,0.2,17.8
tun,2026-07-27,33.8,25.9,29.5,0.4,16.3
tun,2026-07-28,34.5,23.7,28.6,0.0,13.8
tun,2026-07-29,32.4,24.5,28.5,0.1,12.7
tun,2026-07-30,33.7,25.3,29.3,0.0,12.7
tun,2026-07-31,35.9,25.2,30.2,0.0,11.1
tun,2026-08-01,37.2,24.7,30.7,0.0,13.3
tun,2026-08-02,39.9,25.1,32.2,0.0,10.7
tun,2026-08-03,41.9,26.7,33.8,0.1,10.8
tun,2026-08-04,41.6,27.7,33.7,0.1,10.5
tun,2026-08-05,36.9,27.7,31.3,1.0,11.6
tun,2026-08-06,35.0,26.4,30.0,0.0,14.8
tun,2026-08-07,36.5,26.5,30.9,0.0,15.4
tun,2026-08-08,37.0,25.9,30.7,0.0,12.6
tun,2026-08-09,36.0,24.4,29.8,0.0,11.6
tun,2026-08-10,35.9,24.7,29.9,0.0,11.8
tun,2026-08-11,36.1,24.3,30.0,0.0,11.5
tun,2026-08-12,38.2,24.2,31.2,0.0,12.1
tun,2026-08-13,36.3,24.9,30.5,0.0,11.1
tun,2026-08-16,37.9,24.5,30.9,0.2,13.7
tun,2026-08-17,39.0,26.3,31.9,0.0,11.3
tun,2026-08-18,36.5,25.8,30.5,0.0,19.5
tun,2026-09-03,36.2,25.5,30.1,0.0,12.8
tun,2026-09-04,34.3,25.5,28.9,0.0,14.5
tun,2026-09-05,34.5,23.9,28.4,0.0,13.0
tza,2026-04-16,26.1,15.6,20.8,0.0,24.3
tza,2026-04-17,26.7,14.4,21.3,0.0,22.7
tza,2026-04-18,27.7,16.2,22.3,0.0,19.1
tza,2026-04-19,29.4,17.1,23.6,0.0,19.3
tza,2026-04-20,31.3,16.8,25.0,0.0,13.8
tza,2026-04-21,32.7,19.2,26.4,0.0,8.7
tza,2026-04-22,34.8,18.3,27.8,0.0,24.0
tza,2026-04-23,31.1,19.5,25.7,0.0,28.1
tza,2026-04-24,26.8,16.6,21.5,0.0,25.8
tza,2026-04-25,26.1,15.5,20.9,0.0,24.7
tza,2026-04-26,29.5,16.6,22.4,0.0,35.4
tza,2026-04-27,31.0,19.0,24.8,0.0,38.4
tza,2026-04-28,32.0,19.1,25.0,0.0,25.4
tza,2026-04-29,33.5,18.5,26.3,0.0,27.9
tza,2026-04-30,35.0,20.2,27.6,0.0,31.5
tza,2026-05-01,28.0,19.3,23.2,4.7,28.2
tza,2026-05-02,25.2,16.6,20.5,0.0,25.4
tza,2026-05-03,26.4,14.5,20.9,0.0,18.8
tza,2026-05-04,30.0,16.2,23.9,0.0,22.3
tza,2026-05-05,33.0,18.6,26.0,0.0,38.3
tza,2026-05-06,33.5,22.0,26.6,0.0,38.0
tza,2026-05-07,30.0,19.3,24.6,0.6,28.7
tza,2026-05-08,35.3,19.0,27.6,0.0,31.7
tza,2026-05-09,34.8,20.9,26.9,0.0,34.8
tza,2026-05-10,33.3,21.1,27.1,0.0,28.0
tza,2026-05-11,37.2,19.1,28.4,0.0,25.8
tza,2026-05-12,33.6,22.2,28.7,0.6,30.4
tza,2026-05-13,31.9,24.6,28.1,0.0,32.6
tza,2026-05-14,31.1,19.4,24.9,3.7,26.7
tza,2026-05-15,28.5,19.7,23.8,0.0,17.3
tza,2026-05-16,29.7,18.9,23.3,0.3,37.1
tza,2026-05-17,27.4,16.4,21.7,0.4,35.5
tza,2026-05-18,27.2,16.3,22.3,0.0,22.1
tza,2026-05-19,30.0,18.2,24.9,0.0,17.7
tza,2026-05-20,32.7,19.6,26.6,0.0,22.1
tza,2026-05-21,32.7,21.4,27.3,0.0,33.1
tza,2026-05-22,31.2,19.6,25.7,0.0,25.2
tza,2026-05-23,31.3,20.7,26.4,0.0,31.0
tza,2026-05-24,31.3,20.1,26.2,0.0,26.2
tza,2026-05-25,31.2,20.8,26.1,0.0,23.7
tza,2026-05-26,32.2,21.3,26.6,0.1,24.6
tza,2026-05-27,32.5,20.2,26.8,0.0,20.3
tza,2026-05-28,34.2,22.1,28.8,0.0,16.3
tza,2026-05-29,34.7,23.0,29.5,0.0,22.9
tza,2026-05-30,35.1,23.6,29.2,0.5,31.0
tza,2026-05-31,31.9,22.2,27.8,0.9,17.8
tza,2026-06-01,35.1,22.9,29.3,0.0,25.6
tza,2026-06-02,37.6,23.2,31.2,0.0,19.4
tza,2026-06-03,40.3,25.3,33.4,0.0,32.9
tza,2026-06-04,37.1,25.1,30.6,0.0,34.1
tza,2026-06-05,39.5,23.7,31.9,0.0,30.4
tza,2026-06-06,40.2,25.9,32.6,0.0,35.5
tza,2026-06-07,37.3,26.4,31.3,0.0,39.0
tza,2026-06-08,36.6,26.1,30.9,1.9,29.6
tza,2026-06-09,38.7,25.9,32.5,0.0,27.5
tza,2026-06-10,40.5,26.4,34.0,0.0,23.5
tza,2026-06-11,38.1,26.7,32.3,0.0,32.3
tza,2026-06-12,35.4,24.8,29.6,0.0,28.6
tza,2026-06-13,33.6,22.5,28.5,0.0,23.6
tza,2026-06-14,36.1,22.4,29.8,0.0,21.8
tza,2026-06-15,40.3,25.5,33.5,0.2,25.2
tza,2026-06-16,36.5,25.0,30.6,0.0,29.7
tza,2026-06-17,37.0,24.1,30.6,0.1,25.0
tza,2026-06-18,37.3,24.7,31.2,0.0,25.1
tza,2026-06-19,38.2,24.6,31.7,0.0,27.0
tza,2026-06-20,38.6,25.3,32.0,0.0,29.9
tza,2026-06-21,37.8,24.9,31.7,0.0,27.5
tza,2026-06-22,37.4,26.0,32.4,0.0,21.9
tza,2026-06-23,37.8,26.7,32.4,0.1,24.7
tza,2026-06-24,37.1,25.9,32.1,0.0,18.8
tza,2026-06-25,39.0,25.4,33.0,0.0,24.9
tza,2026-06-26,40.1,27.3,34.0,0.0,32.8
tza,2026-06-27,38.8,27.5,33.5,0.0,28.6
tza,2026-06-28,38.0,26.6,32.6,0.0,24.5
tza,2026-06-29,38.8,27.3,33.8,0.0,14.9
tza,2026-06-30,37.3,28.7,33.3,0.2,30.0
tza,2026-07-01,38.1,27.5,33.3,0.0,18.3
tza,2026-07-02,39.2,28.3,34.2,0.0,29.6
tza,2026-07-03,37.6,27.0,32.5,0.0,32.2
tza,2026-07-04,38.3,26.3,32.2,0.0,25.5
tza,2026-07-05,38.1,26.7,32.1,0.0,33.2
tza,2026-07-06,36.4,25.8,31.6,0.0,25.7
tza,2026-07-07,37.6,25.1,32.0,0.0,18.5
tza,2026-07-08,39.2,27.5,33.9,0.0,15.1
tza,2026-07-09,41.4,27.6,34.9,0.0,17.0
tza,2026-07-10,42.3,28.5,36.0,0.0,22.8
tza,2026-07-11,43.0,28.5,36.3,0.0,23.1
tza,2026-07-12,43.9,28.9,37.2,0.0,22.1
tza,2026-07-13,45.3,30.9,37.4,0.0,33.6
tza,2026-07-14,41.2,27.6,34.7,0.0,25.0
tza,2026-07-15,44.0,27.6,36.5,0.0,21.5
tza,2026-07-16,46.5,30.7,39.2,0.0,21.2
tza,2026-07-17,45.7,30.5,38.7,0.0,17.6
tza,2026-07-18,46.5,31.6,39.8,0.0,19.8
tza,2026-07-19,47.6,32.2,40.4,0.0,18.8
tza,2026-07-20,47.1,33.0,40.3,0.0,14.4
tza,2026-07-21,47.4,32.8,40.7,0.0,14.8
tza,2026-07-22,47.7,33.1,41.1,0.0,18.1
tza,2026-07-23,47.3,32.9,40.4,0.0,18.8
tza,2026-07-24,48.1,32.2,40.3,0.0,30.3
tza,2026-07-25,46.6,29.4,37.2,0.0,31.2
tza,2026-07-26,49.1,31.9,40.0,0.0,30.5
tza,2026-07-27,42.1,32.2,36.6,0.0,36.6
tza,2026-07-28,38.8,28.7,33.5,0.0,26.4
tza,2026-07-29,38.2,27.0,32.9,0.0,26.9
tza,2026-07-30,38.4,27.7,33.4,0.0,29.7
tza,2026-07-31,38.8,28.0,33.7,0.0,21.5
tza,2026-08-01,39.2,28.6,34.4,0.0,26.1
tza,2026-08-02,40.2,28.3,34.9,0.0,21.3
tza,2026-08-03,42.6,29.0,36.4,0.0,13.6
tza,2026-08-04,44.4,29.6,37.9,0.0,21.3
tza,2026-08-05,45.6,30.6,38.2,0.0,26.8
tza,2026-08-06,41.6,30.0,35.7,0.0,30.5
tza,2026-08-07,39.8,28.4,34.4,0.2,18.9
tza,2026-08-08,39.5,28.6,34.5,0.0,16.9
tza,2026-08-09,40.2,28.2,34.9,0.0,17.4
tza,2026-08-10,41.6,29.0,35.7,0.0,23.8
tza,2026-08-11,40.3,29.1,35.0,0.0,24.0
tza,2026-08-12,40.1,28.2,34.4,0.0,22.5
tza,2026-08-13,40.5,29.0,35.4,0.0,27.4
tza,2026-08-16,41.0,27.6,34.5,0.0,24.2
tza,2026-08-17,41.8,29.4,35.5,0.0,17.4
tza,2026-08-18,42.2,29.9,36.6,0.0,22.0
tza,2026-09-03,42.4,27.9,35.9,0.0,19.5
tza,2026-09-04,38.4,28.7,33.4,0.0,28.8
tza,2026-09-05,36.3,26.7,31.6,0.0,22.0
